,Latitude,Longitude,name,description,State,Active
0,30.69225,-88.05439,ARC (Awakening Respect and Compassion for all Sentient Beings) ,"https://www.facebook.com/ARCforallbeings/events/?ref=page_internal

http://arcforallbeings.org/",Alabama,Y
1,33.437063,-112.018386,"WSH: Phoenix, AZ, USA",https://www.facebook.com/groups/301064867412418,Arizona,N
2,33.511693,-112.070119,The Earthlings Experience Phoenix Arizona,https://www.facebook.com/EarthlingsExperiencePHX/,Arizona,N
3,32.222924,-110.940059,The Earthlings Experience - Tucson,https://www.facebook.com/earthlings2son/,Arizona,N
4,34.54556,-112.458242,Prescott Animal Save,https://www.facebook.com/prescottanimalsave/events/?ref=page_internal,Arizona,N
5,33.411889,-112.072648,Phoenix Animal Save,https://www.facebook.com/phoenixanimalsave/,Arizona,N
6,33.486179,-112.019794,"AV: Phoenix, AZ, USA",https://www.facebook.com/groups/180221205885326/,Arizona,N
7,32.184562,-110.980037,"AV: Tucson, AZ, USA",https://www.facebook.com/groups/1581649921952152/,Arizona,N
8,32.257831,-110.973016,Tucson Animal Save,https://www.facebook.com/tucsonanimalsave/events/?ref=page_internal,Arizona,N
9,33.447366,-112.13164,"Animal Rising: Phoenix AZ, USA",https://www.facebook.com/groups/AnimalRebellionPhoenix/,Arizona,N
10,32.226785,-111.013319,Anti-Speciesist Action,https://www.facebook.com/antispeciesistaction/events/?ref=page_internal,Arizona,N
11,36.186382,-94.131889,Springdale Animal Save,https://www.facebook.com/springdaleanimalsave/events/?ref=page_internal,Arkansas,N
12,34.746481,-92.289595,"AV: Little Rock, AR, USA",https://www.facebook.com/groups/324980191598719/,Arkansas,Y
13,37.962354,-121.304358,Stockton Animal Save,https://www.facebook.com/StocktonAnimalSave/events/?ref=page_internal,California,Y
14,34.036871,-118.230486,Animal Equality LA Office,https://animalequality.org/volunteer/,California,Y
15,34.042419,-118.439484,SOS University of California Los Angeles,https://sos.peta.org/join-a-hub/,California,N
16,38.543869,-121.773148,SOS University of California-Davis,https://sos.peta.org/join-a-hub/,California,N
17,34.034453,-118.689938,SOS Malibu,https://sos.peta.org/join-a-hub/,California,N
18,34.06681,-118.256321,SOS Los Angeles,https://sos.peta.org/join-a-hub/,California,N
19,37.880002,-122.274399,"AV: Berkeley, CA, USA",https://www.facebook.com/groups/237495523445168/,California,N
20,39.728494,-121.837478,"AV: Chico, CA, USA",https://www.facebook.com/groups/2276774099319927/,California,N
21,33.97383,-118.372536,SOS West Los Angeles College,https://sos.peta.org/join-a-hub/,California,N
22,37.32212,-122.034073,SOS Cupertino,https://sos.peta.org/join-a-hub/,California,N
23,32.734151,-117.141209,Vegan Justice - San Diego,https://www.instagram.com/veganjusticesd,California,Y
24,32.711044,-117.14962,SOS San Diego,https://sos.peta.org/join-a-hub/,California,N
25,37.502064,-120.842333,Turlock Animal Save,https://www.facebook.com/turlockanimalsave/,California,N
26,38.291334,-122.454879,Sonoma County Animal Save,https://www.facebook.com/Sonoma-County-Animal-Save-303206447262245/,California,N
27,34.746034,-118.259944,Antelope Valley Animal Save,https://www.facebook.com/Antelope-Valley-Animal-Save-569267516769745/,California,N
28,34.03431,-118.243876,Animal Alliance Network,https://www.facebook.com/animalalliancenetwork/events/?ref=page_internal,California,Y
29,37.30956,-121.933136,SOS San Jose,https://sos.peta.org/join-a-hub/,California,N
30,36.999811,-121.976395,SOS Santa Cruz,https://sos.peta.org/join-a-hub/,California,N
31,34.17943,-118.524628,SOS Reseda,https://sos.peta.org/join-a-hub/,California,N
32,33.962156,-117.432518,SOS Patriot High School,https://sos.peta.org/join-a-hub/,California,N
33,34.018735,-117.702501,Chino Animal Save,https://www.facebook.com/chinocowsave/events/?ref=page_internal,California,Y
34,33.9576,-118.225937,SOS South Gate High School,https://sos.peta.org/join-a-hub/,California,N
35,34.046472,-118.263273,La Fur Animal Save,https://www.facebook.com/lafuranimalsave/events/?ref=page_internal,California,N
36,34.070578,-118.241644,Los Angeles Animal Save,https://www.facebook.com/laanimalsave/,California,Y
37,34.054935,-118.223276,Los Angeles Fish Save,https://www.facebook.com/lafishsave/,California,Y
38,38.751941,-121.287689,SOS Oakmont High School,https://sos.peta.org/join-a-hub/,California,N
39,37.651997,-121.024456,Modesto Animal Save,https://www.facebook.com/modestoanimalsave/events/?ref=page_internal,California,N
40,34.068303,-118.504372,SOS Milken Community High School,https://sos.peta.org/join-a-hub/,California,N
41,37.872279,-122.281694,Berkeley Fish Save,https://www.facebook.com/BerkeleyFishSave/,California,N
42,33.705878,-117.833733,Orange County Animal Save,https://www.facebook.com/OCANIMALSAVE/,California,N
43,37.809363,-122.273395,Bay Area Animal Save,https://www.facebook.com/bayareasave/,California,N
44,38.590824,-121.456989,Sacramento Animal Save,https://www.facebook.com/Sacramentoanimalsave/,California,Y
45,34.045192,-118.223619,Veggei Mijas Los Angeles,https://www.veggiemijas.com/,California,N
46,32.718844,-117.132797,San Diego Animal Save,https://www.facebook.com/sandiegoanimalsave/,California,Y
47,37.823616,-122.293282,Veggie Mijas Bay Area,https://www.veggiemijas.com/ https://www.instagram.com/veggiemijas https://www.facebook.com/veggiemijas https://www.tiktok.com/@veggiemijas,California,N
48,34.412752,-119.84509,UC Santa Barbara Advocacy for All Animals,https://www.instagram.com/aaaucsb/?utm_source=ig_embed&ig_rid=4389234f-e310-442e-a611-f315bdce1718&ig_mid=E72EDFE4-04E0-4371-A296-44CF9D8DFC24,California,Y
49,37.302163,-120.482968,"AV: Merced, CA, USA",https://www.facebook.com/groups/2820098481395864/,California,N
50,34.064037,-118.230057,Los Angeles For Animals,https://www.facebook.com/losangelesforanimals/events/?ref=page_internal,California,Y
51,33.77005,-118.19374,"AV: Long Beach, CA, USA",https://www.facebook.com/groups/202676200277820/,California,Y
52,37.910075,-122.281609,Legal Impact for Chickens,legalimpactforchickens.org,California,Y
53,34.07296,-118.399002,Last Chance for Animals (LCA),https://www.facebook.com/LastChanceForAnimals/events/?ref=page_internal,California,Y
54,34.038436,-118.257866,"AV: Los Angeles (Downtown), CA, USA",https://www.facebook.com/groups/649057202203661/,California,N
55,33.916298,-117.890167,SOS Brea,https://sos.peta.org/join-a-hub/,California,N
56,33.979179,-118.032844,"AV: Whittier, CA, USA",https://www.facebook.com/groups/763614530673788/,California,N
57,34.041011,-118.27867,Direct Action Everywhere Inland Empire,https://www.facebook.com/dxeIE/events/?ref=page_internal,California,N
58,37.766626,-120.847031,"AV: Oakdale, CA, USA",https://www.facebook.com/groups/3169435766505811,California,N
59,33.830296,-116.545292,"AV: Palm Springs, CA, USA",https://www.facebook.com/groups/938500933011993/,California,Y
60,34.195333,-119.115143,"WTF: Camarillo & Oxnard, USA",https://www.facebook.com/groups/1007742983174134,California,N
61,33.645921,-117.842917,Anteaters For Animals,https://www.instagram.com/anteatersforanimals/,California,Y
62,34.055569,-117.182538,"AV: Redlands, CA, USA",https://www.facebook.com/groups/439321589858206,California,N
63,38.635646,-121.58638,"AV: Sacramento, CA, USA",https://www.facebook.com/groups/168439517082034,California,Y
64,37.876208,-122.261009,Animal Rights Centre (ARC),https://www.berkeleyarc.com/,California,Y
65,32.733863,-117.158031,"AV: San Diego, CA, USA",https://www.facebook.com/groups/1757884704517799/,California,Y
66,37.77493,-122.419416,"AV: San Francisco, CA, USA",https://www.facebook.com/groups/309488322825507/,California,Y
67,37.346416,-121.877518,"AV: Santa Clara County, CA, USA",https://www.facebook.com/groups/395642691206979/,California,Y
68,37.797409,-122.246933,Animal Ethics,"https://www.animal-ethics.org/
https://www.facebook.com/Animal-Ethics-1424658461139957/events/?ref=page_internal",California,N
69,37.312018,-121.890221,"WTF: San Jose, USA",https://www.facebook.com/groups/330244935806505,California,Y
70,34.001889,-117.695752,Animal Alliance Network,https://www.facebook.com/animalalliancenetwork/events/?ref=page_internal,California,Y
71,39.083964,-122.80845,"AV: Lake County, CA, USA",https://www.facebook.com/groups/2320375018057084/,California,Y
72,33.660376,-117.998899,"AV: Huntington Beach, CA, USA",https://www.facebook.com/groups/424955261231621/,California,Y
73,36.746495,-119.820152,Fresno Animal Save,https://www.facebook.com/Fresno-Animal-Save-788532744664592/events/?ref=page_internal,California,N
74,34.058562,-118.261213,New Roots Institute,https://www.newrootsinstitute.org/,California,Y
75,34.09489,-118.329644,"AV: Hollywood, CA, USA",https://www.facebook.com/groups/1052868928169224/,California,Y
76,37.862522,-122.274055,New Roots Institute,https://www.newrootsinstitute.org/,California,N
77,33.720295,-117.842087,Orange County Animal Liberation,https://www.facebook.com/orangecountyanimalliberation/events/?ref=page_internal,California,Y
78,39.750358,-104.974365,Pro-animal future,https://proanimal.org/,Colorado,Y
79,38.997472,-105.058708,Pikes Peak Animal Save,https://www.facebook.com/pikespeakanimalsave/events/?ref=page_internal,Colorado,N
80,40.400165,-104.73212,Northern Colorado Animal Save,https://www.facebook.com/Northern-Colorado-Animal-Save-1177695248912002/events/?ref=page_internal,Colorado,Y
81,40.579038,-105.094395,Rams Organizing for Animal Rights - ROAR,https://www.facebook.com/FortCollinsAnimalRights/events/?ref=page_internal,Colorado,N
82,38.856963,-104.787573,Vegan Society of Colorado Springs,https://www.facebook.com/VeganSocietyOfColoradoSprings/events/?ref=page_internal,Colorado,Y
83,39.868041,-104.971924,"AV: Thornton, CO, USA",https://www.facebook.com/groups/467100834049573/,Colorado,N
84,39.977646,-105.254517,SOS University of Colorado Boulder,https://sos.peta.org/join-a-hub/,Colorado,N
85,40.58526,-105.084423,"AV: Fort Collins, CO, USA",https://www.facebook.com/groups/178429869465025/,Colorado,Y
86,39.611243,-105.017624,SOS Littleton High School,https://sos.peta.org/join-a-hub/,Colorado,N
87,39.738742,-104.961662,Denver Baby Animal Save,https://www.facebook.com/denverbabyanimalsave/,Colorado,N
88,40.014986,-105.270546,"AV: Boulder, CO, USA",https://www.facebook.com/groups/1085149111588760/,Colorado,Y
89,38.852867,-104.858785,"AV: Colorado Springs, CO, USA",https://www.facebook.com/groups/2116205105279547/,Colorado,N
90,39.728313,-104.978313,"AV: Denver, CO, USA",https://www.facebook.com/groups/1911251009126675/,Colorado,Y
91,41.314783,-73.002631,New Haven Animal Save,https://www.facebook.com/NewHavenAnimalSave/events/?ref=page_internal,Connecticut,N
92,41.05343,-73.538734,"AV: Stamford, CT, USA",https://www.facebook.com/groups/370386670477622/,Connecticut,N
93,41.043369,-73.538704,"WTF: Stamford, CT, USA",https://www.facebook.com/groups/wtfstamfordct/,Connecticut,Y
94,41.516503,-72.70764,Connecticut Animal Save,https://www.facebook.com/Connecticut-Animal-Save-1457064691080156/events/?ref=page_internal,Connecticut,N
95,39.661152,-75.571495,New Castle De Animal Save,https://www.facebook.com/New-Castle-De-Animal-Save-106981060792648/,Delaware,N
96,39.683723,-75.749657,"AV: Newark, DE, USA",https://www.facebook.com/groups/637788873320483/,Delaware,N
97,39.66204,-75.566817,"AV: New Castle, DE, USA",https://www.facebook.com/groups/2185612938222753/,Delaware,N
98,38.908734,-77.042227,Nonhuman Rights Project,https://x.com/nonhumanrights?s=21&t=whjYpD3ujo0EHvy8pvSFDQ,District of Columbia,N
99,38.893571,-77.044544,Our Animal Activist Family,https://www.facebook.com/ouranimalactivistfamily/,District of Columbia,N
100,38.90466,-77.020512,Active Vegans,https://www.activevegans.org/index.html,District of Columbia,N
101,38.909736,-77.03064,Veggie Mijas DC,https://www.veggiemijas.com/ https://www.instagram.com/veggiemijas https://www.facebook.com/veggiemijas https://www.tiktok.com/@veggiemijas,District of Columbia,N
102,38.890164,-77.03227,"SOS Washington, D.C.",https://sos.peta.org/join-a-hub/,District of Columbia,N
103,38.901788,-77.046432,"AV: Washington, DC, USA",https://www.facebook.com/groups/av.washingtondc/,District of Columbia,N
104,38.895041,-77.021627,Total Liberation Washington DC,https://www.facebook.com/totalliberationwashingtondc,District of Columbia,N
105,26.388794,-80.080891,SOS Florida Atlantic University,https://sos.peta.org/join-a-hub/,Florida,N
106,27.965853,-82.800103,"AV: Clearwater, FL, USA",https://www.facebook.com/groups/466096447069839/,Florida,N
107,26.358343,-80.085526,SOS Boca Raton,https://sos.peta.org/join-a-hub/,Florida,N
108,25.76168,-80.19179,"AV: Miami, FL, USA",https://www.facebook.com/groups/1836703379905626/,Florida,Y
109,29.210815,-81.022833,"AV: Daytona Beach, FL, USA",https://www.facebook.com/groups/204011427192108/,Florida,N
110,28.083188,-80.611496,SOS Melbourne,https://sos.peta.org/join-a-hub/,Florida,N
111,27.336435,-82.530653,"AV: Sarasota, FL, USA",https://www.facebook.com/groups/1930467873886412/,Florida,N
112,30.442458,-84.290543,SOS Florida State University,https://sos.peta.org/join-a-hub/,Florida,N
113,26.640628,-81.872308,"AV: Fort Myers, FL, USA",https://www.facebook.com/groups/252950108565220/,Florida,N
114,28.543362,-81.371098,"AV: Orlando, FL, USA",https://www.facebook.com/groups/603413086518034/,Florida,N
115,26.122439,-80.137317,"AV: Fort Lauderdale, FL, USA",https://www.facebook.com/groups/626804170838946/,Florida,Y
116,30.438256,-84.280733,"AV: Tallahassee, FL, USA",https://www.facebook.com/groups/2080960275481393/,Florida,N
117,27.950575,-82.457178,"AV: Tampa, FL, USA",https://www.facebook.com/groups/2089361001279853/,Florida,Y
118,24.724998,-81.051405,"AV: Florida Keys, FL, USA",https://www.facebook.com/groups/723597717846932/,Florida,N
119,26.715342,-80.053375,"AV: West Palm Beach, FL, USA",https://www.facebook.com/groups/184379622050095/,Florida,Y
120,29.651634,-82.324826,"AV: Gainesville, FL, USA",https://www.facebook.com/groups/2064949620499298/,Florida,Y
121,29.901244,-81.312434,"AV: St Augustine, FL, USA",https://web.facebook.com/groups/2210124089250668/,Florida,N
122,28.015923,-82.435913,SOS University of South Florida,https://sos.peta.org/join-a-hub/,Florida,N
123,27.672583,-81.45813,Animal Hero Kids ,https://www.facebook.com/animalherokids,Florida,Y
124,28.555425,-81.382942,"WTF: Orlando, FL, USA",https://www.facebook.com/groups/wtforlando/,Florida,Y
125,27.985913,-82.41806,SOS Tampa,https://sos.peta.org/join-a-hub/,Florida,N
126,30.330632,-81.667275,Fighting Animal Cruelty Together - FACT Activists,https://www.facebook.com/factactivists/events/?ref=page_internal,Florida,N
127,28.543362,-81.394615,Veggie Mijas Orlando,https://www.veggiemijas.com/ https://www.instagram.com/veggiemijas https://www.facebook.com/veggiemijas https://www.tiktok.com/@veggiemijas,Florida,N
128,27.785781,-81.508458,Animal Rising Florida,https://www.facebook.com/groups/369254117091412/,Florida,N
129,27.840384,-82.699765,Earthling Experience Pinellas Florida,https://www.facebook.com/Earthling-Experience-Pinellas-Florida-196838140780731/,Florida,N
130,29.61167,-82.31575,SOS University of Florida,https://sos.peta.org/join-a-hub/,Florida,N
131,33.753746,-84.396056,Atlanta Animal Save,https://www.facebook.com/Atlanta-Animal-Save-253390965367854/,Georgia,N
132,32.813824,-83.635654,SOS Mercer University,https://sos.peta.org/join-a-hub/,Georgia,N
133,32.840695,-83.632402,"AV: Macon, GA, USA",https://web.facebook.com/groups/1486208691513067,Georgia,N
134,33.44772,-82.014356,Augusta GA Animal Save and Rescue Inc,https://www.facebook.com/augustagasave/,Georgia,N
135,33.742613,-84.381465,Atlanta Animal Activists,https://www.facebook.com/groups/279961595826916/about,Georgia,Y
136,33.758313,-84.378777,APEX Advocacy,https://www.apexadvocacy.org,Georgia,Y
137,32.083541,-81.099834,"AV: Savannah, GA, USA",https://www.facebook.com/groups/192761754819595/,Georgia,N
138,33.900342,-84.079399,SOS Georgia State University,https://sos.peta.org/join-a-hub/,Georgia,N
139,32.456317,-83.716419,Middle Georgia Animal Save,https://www.facebook.com/midgaasm/events/?ref=page_internal,Georgia,N
140,34.255514,-85.165672,SOS Rome,https://sos.peta.org/join-a-hub/,Georgia,N
141,21.42374,-158.019473,Oâ€˜ahu Animal Save,https://www.facebook.com/oahuanimalsave/,Hawaii,N
142,21.306339,-157.858032,Animal Rights Hawai'i,https://www.facebook.com/AnimalRightsHawaii/events/?ref=page_internal,Hawaii,Y
143,20.798363,-156.331925,"AV: Maui, HI, USA",https://www.facebook.com/groups/204971900307487,Hawaii,N
144,43.61871,-116.214607,"AV: Boise, ID, USA",https://www.facebook.com/groups/2108847039336412/,Idaho,N
145,43.492661,-112.040758,"AV: Idaho Falls, ID, USA",https://www.facebook.com/groups/428260644565645/,Idaho,N
146,41.864575,-87.668839,Slaughter Free Chicago,https://www.facebook.com/sfchicagonow/,Illinois,Y
147,41.954711,-87.678938,"AV: Chicago North Side, IL, USA",https://www.facebook.com/groups/713851459094241/,Illinois,N
148,41.883109,-87.676048,"AV: Chicago, IL, USA",https://www.facebook.com/groups/632245246958493/,Illinois,Y
149,41.771824,-88.265877,SOS Metea Valley High School,https://sos.peta.org/join-a-hub/,Illinois,N
150,42.062038,-87.710724,SOS Wilmette,https://sos.peta.org/join-a-hub/,Illinois,N
151,42.396687,-88.183696,"AV: Fox Lake, IL, USA",https://www.facebook.com/groups/1457449817739437/,Illinois,N
152,41.789537,-87.599401,Allied Scholars for Animal Protection University of Chicago,https://www.instagram.com/alliedscholars/,Illinois,N
153,41.887528,-88.305352,"AV: Geneva, IL, USA",https://www.facebook.com/groups/560814911324932/,Illinois,N
154,41.892311,-87.635365,Veggie Mijas Chicago,https://www.veggiemijas.com/ https://www.instagram.com/veggiemijas https://www.facebook.com/veggiemijas https://www.tiktok.com/@veggiemijas,Illinois,N
155,41.862274,-87.640686,Animal Rising Chicago,https://www.facebook.com/AnimalRebellionChicago,Illinois,N
156,40.111426,-88.218842,CU For Sustainable Practices,"http://sustainabilitycu.org/
https://www.instagram.com/sustainability.cu/",Illinois,N
157,41.820913,-88.097644,Animal Rights Activists of DuPage County,https://www.facebook.com/groups/dupageactivists/,Illinois,Y
158,41.878125,-87.627811,"WTF: Chicago, IL, USA",https://www.facebook.com/groups/wtfchicago,Illinois,Y
159,41.896655,-87.662659,Chicago Animal Rights March,https://www.facebook.com/ChicagoAnimalRightsMarch,Illinois,N
160,39.165325,-86.526386,"AV: Bloomington, IN, USA",https://www.facebook.com/groups/2085106331506284/,Indiana,Y
161,39.769756,-86.147919,SOS Indiana University - Purdue University Indianapolis,https://sos.peta.org/join-a-hub/,Indiana,N
162,41.550958,-87.257004,Hobart Animal Save,https://www.facebook.com/hobartanimalsave/events/?ref=page_internal,Indiana,N
163,41.089814,-85.127881,Fort Wayne Animal Save,https://www.facebook.com/fortwayneanimalsave/,Indiana,N
164,39.767513,-86.170578,"AV: Indianapolis, IN, USA",https://www.facebook.com/groups/287534451759425/,Indiana,Y
165,40.041154,-86.874452,"AV: Crawfordsville, IN, USA",https://web.facebook.com/groups/288957088650134/,Indiana,N
166,39.20144,-85.92138,"AV: Columbus, IN, USA",https://www.facebook.com/groups/242944806736899/members/,Indiana,Y
167,37.971559,-87.57109,"AV: Evansville, IN, USA",https://web.facebook.com/groups/251808979089989/,Indiana,Y
168,41.600545,-93.609106,"AV: Des Moines, IA, USA",https://www.facebook.com/groups/215826152480375/,Iowa,Y
169,41.531198,-94.008636,SOS De Soto,https://sos.peta.org/join-a-hub/,Iowa,N
170,42.047126,-90.315685,SOS ,https://sos.peta.org/join-a-hub/,Iowa,N
171,39.051718,-95.627575,Worldwide Animal Activists,https://www.facebook.com/groups/246349326580871,Kansas,N
172,39.095834,-94.61762,Vegan Activists of Kansas City,https://www.facebook.com/groups/496454260731709/,Kansas,Y
173,39.03812,-95.753746,Midwest Animal Rights,https://www.facebook.com/groups/268899104325931,Kansas,Y
174,39.076175,-84.502293,Cincinnati Animal Save,https://www.facebook.com/Cincinnati-Animal-Save-2258297877518937/,Kentucky,N
175,38.252665,-85.758456,"AV: Louisville, KY, USA",https://www.facebook.com/groups/AVLouisvilleKY/,Kentucky,Y
176,38.040584,-84.503716,"AV: Lexington, KY, USA",https://www.facebook.com/groups/121219362094581/,Kentucky,Y
177,38.23006,-85.721746,Louisville Pig Save,https://www.facebook.com/LouisvillePigSave/,Kentucky,Y
178,29.975144,-90.101465,New Orleans Animal Save,https://www.facebook.com/nolaanimalsave/,Louisiana,N
179,30.216949,-92.657318,SOS Jennings High School,https://sos.peta.org/join-a-hub/,Louisiana,N
180,43.656664,-70.267305,Portland Maine Animal Save,https://www.facebook.com/Portland-Maine-Animal-Save-242799869925078/,Maine,N
181,44.55201,-69.631712,"AV: Waterville, ME, USA",https://www.facebook.com/groups/400564270363706/,Maine,N
182,38.274306,-76.528015,SOS California,https://sos.peta.org/join-a-hub/,Maryland,N
183,38.990666,-77.026088,"AV: Silver Spring, MD, USA",https://www.facebook.com/groups/2430744946978613/,Maryland,N
184,39.284822,-76.612215,Morality Chain - Baltimore,https://www.facebook.com/rootsofmorality.baltimore/,Maryland,N
185,39.414269,-77.410541,"AV: Frederick, MD, USA",https://www.facebook.com/groups/1306813822781030/,Maryland,N
186,38.993305,-77.027421,Fish Feel,https://fishfeel.org/,Maryland,Y
187,39.292063,-76.619339,SOS Baltimore,https://sos.peta.org/join-a-hub/,Maryland, N
188,42.337357,-71.066586,Boston Animal Save,https://www.facebook.com/BostonAnimalSave/,Massachusetts,N
189,42.32509,-72.641201,"AV: Northampton, MA, USA",https://www.facebook.com/groups/148682372488071,Massachusetts,N
190,42.336866,-71.042057,"AV: Boston, MA, USA",https://www.facebook.com/groups/163190407546252/,Massachusetts,N
191,42.370555,-71.033497,BARA - Boston Animal Rights Activists,https://www.facebook.com/groups/1392598777583635/,Massachusetts,Y
192,42.374445,-71.116991,Allied Scholars â€” Harvard,https://www.alliedscholars.org/harvard,Massachusetts,N
193,42.347254,-71.08667,Boston Fish Save,https://www.facebook.com/BostonFishSave/,Massachusetts,N
194,42.359876,-71.092186,Allied Scholars â€” MIT,https://www.alliedscholars.org/mit,Massachusetts,N
195,41.669687,-70.26193,Cape Cod Animal Save,https://www.facebook.com/CapeCodAnimalSave/,Massachusetts,N
196,41.9898,-70.975456,SOS Bridgewater State University,https://sos.peta.org/join-a-hub/,Massachusetts,N
197,42.604563,-72.118071,Western MA Animal Save,https://www.facebook.com/WesternMassachusettsAnimalSave/events/?ref=page_internal,Massachusetts,N
198,46.365884,-87.434692,Upper Penninsula Animal Rights,https://www.facebook.com/groups/4493175777453281,Michigan,N
199,46.54362,-87.395371,"AV: Marquette, MI, USA",https://www.facebook.com/groups/390407128355272/,Michigan,N
200,42.961985,-85.652708,Grand Rapids Farmed Animal Save,https://www.facebook.com/GrandRapidsFarmAnimalSave/,Michigan,N
201,42.331427,-83.045754,"AV:Â Detroit, MI, USA",https://www.facebook.com/groups/1847878045452603/,Michigan,N
202,42.732535,-84.555535,"AV:Â Lansing, MI, USA",https://www.facebook.com/groups/284882058680174/,Michigan,N
203,43.234573,-86.250057,Muskegon Against Northern Biomedical Research Animal Testing,https://www.facebook.com/groups/saynotosuffering/?ref=share,Michigan,Y
204,42.291007,-85.580326,KALL - Kalamazoo Animal Liberation League,https://www.facebook.com/KzooALL/events/?ref=page_internal,Michigan,N
205,42.679912,-83.133202,SOS Rochester,https://sos.peta.org/join-a-hub/,Michigan,N
206,44.958117,-93.261909,Minneapolis Animal Save,https://www.facebook.com/minneapolisanimalsave/,Minnesota,N
207,44.980707,-93.293495,Slaughter Free Twin Cities,https://www.facebook.com/groups/371182390862957/,Minnesota,Y
208,44.959089,-93.295383,Compassionate Action for Animals,https://www.exploreveg.org/,Minnesota,Y
209,44.013841,-92.451303,Southeast Minnesota Animal Save,https://www.facebook.com/southeastminnesotaanimalsave/events/?ref=page_internal,Minnesota,N
210,44.95016,-93.093252,Compassionate Action For Animals,https://www.exploreveg.org/,Minnesota,N
211,44.979371,-93.262081,Animal Rights Coalition,http://animalrightscoalition.com/,Minnesota,N
212,38.637523,-90.191574,We The Free - St Louis,https://www.facebook.com/groups/wtfsaintlouis/,Missouri,Y
213,38.620089,-90.253372,SOS St. Louis,https://sos.peta.org/join-a-hub/,Missouri,N
214,38.950331,-92.336655,SOS Columbia,https://sos.peta.org/join-a-hub/,Missouri,N
215,39.083172,-94.574776,SOS Kansas City,https://sos.peta.org/join-a-hub/,Missouri,N
216,38.602239,-90.21119,St. Louis Animal Save,https://www.facebook.com/StlAnimalSave/,Missouri,N
217,37.243995,-89.573593,SOS Southeast Missouri State University,https://sos.peta.org/join-a-hub/,Missouri,N
218,39.101448,-94.531087,Kansas City Animal Save,https://www.facebook.com/kcanimalsave/,Missouri,N
219,40.138466,-92.620239,SOS Truman State University,https://sos.peta.org/join-a-hub/,Missouri,N
220,45.651248,-111.039505,"WTF - Bozeman, MT",https://m.facebook.com/groups/wtfbozeman/?ref=share&mibextid=uc01c0,Montana,Y
221,45.698027,-111.046715,Vegans of Bozeman,https://www.facebook.com/groups/462949145502947/https://www.youtube.com/@vegansofbozeman https://www.instagram.com/vegans_of_bozeman/,Montana,N
222,40.815282,-96.670301,Lincoln Animal Save,https://www.facebook.com/LincolnAnimalSave/,Nebraska,N
223,40.813616,-96.702596,"AV: Lincoln, NE, USA",https://www.facebook.com/groups/779695812366259/,Nebraska,N
224,41.256646,-95.944977,"WTF: Omaha, USA",https://www.facebook.com/groups/3122088844781070,Nebraska,Y
225,40.791719,-96.707497,SOS Lincoln,https://sos.peta.org/join-a-hub/,Nebraska,N
226,36.166792,-115.183583,Las Vegas Animal Save,https://www.facebook.com/lasvegasanimalsave/,Nevada,N
227,36.165042,-115.124359,SOS Las Vegas,https://sos.peta.org/join-a-hub/,Nevada,N
228,42.992742,-71.439426,Manchester NH Animal Save,https://www.facebook.com/ManchesterNHAnimalSave/,New Hampshire,N
229,43.071755,-70.762553,"AV: Portsmouth, NH, USA",https://www.facebook.com/groups/431491777561895/,New Hampshire,N
230,43.283562,-72.196714,Twin States Animal Liberation,https://www.facebook.com/TwinStatesAnimalLiberation/events/?ref=page_internal,New Hampshire,Y
231,43.208137,-71.537572,"AV: Concord, NH, USA",https://web.facebook.com/groups/2300460313516604/,New Hampshire,N
232,42.997842,-70.781833,Seacoast New Hampshire Animal Save,https://www.facebook.com/scnhanimalsave/,New Hampshire,N
233,43.196917,-71.531982,New Hampshire Animal Rights League,https://www.facebook.com/NHARL603,New Hampshire,Y
234,40.744841,-74.176476,Newark Chicken Save,https://www.facebook.com/newarkchickensave/,New Jersey,N
235,39.965255,-74.311821,"AV: Ocean County, NJ, USA",https://www.facebook.com/groups/1947243092015812/,New Jersey,N
236,40.705953,-74.548931,SOS Basking Ridge,https://sos.peta.org/join-a-hub/,New Jersey,N
237,40.979264,-74.116531,"AV: Ridgewood, NJ, USA",https://www.facebook.com/groups/190648282254329/members/,New Jersey,N
238,40.728527,-74.271355,SOS Seton Hall University,https://sos.peta.org/join-a-hub/,New Jersey,N
239,40.258946,-74.123996,"AV: Monmouth County, NJ, USA",https://www.facebook.com/groups/727675127586551/,New Jersey,N
240,40.218731,-74.765365,NJ Animal Save Movement,https://www.facebook.com/NJ-Animal-Save-Movement-127270221279045/events/?ref=page_internal,New Jersey,N
241,40.713956,-74.030771,Aquatic Life Institute,https://ali.fish/,New Jersey,Y
242,40.730794,-74.163773,Newark Animal Save,https://www.facebook.com/Newark-Animal-Save-2227128627507574/events/?ref=page_internal,New Jersey,N
243,40.731844,-74.021502,Animal Rising NYC,https://www.facebook.com/groups/528840231262507/,New Jersey,Y
244,40.724169,-74.029484,SOS Stevens Institute of Technology,https://sos.peta.org/join-a-hub/,New Jersey,N
245,35.085334,-106.605553,"AV: Albuquerque, NM, USA",https://www.facebook.com/groups/723992431126372/,New Mexico,Y
246,40.808206,-73.958094,Allied Scholars â€” Columbia,https://www.alliedscholars.org/columbia,New York,N
247,40.806403,-73.505058,SOS Syosset,https://sos.peta.org/join-a-hub/,New York,N
248,40.730739,-73.996525,"AV: New York City, NY, USA",https://www.facebook.com/groups/580779272119871/,New York,Y
249,42.882858,-78.856671,Buffalo Animal Save,https://www.facebook.com/BuffaloAnimalSave/,New York,N
250,40.813549,-73.895073,SOS Fordham University,https://sos.peta.org/join-a-hub/,New York,N
251,42.886447,-78.878369,"AV: Buffalo, NY, USA",https://www.facebook.com/groups/158810114763793/,New York,Y
252,42.438977,-76.504326,Allied Scholars â€” Cornell,https://www.alliedscholars.org/cornell,New York,N
253,40.702114,-73.997383,Slaughter Free NYC,https://www.facebook.com/SlaughterFreeNYC/events/,New York,N
254,40.852069,-73.888508,Belmont Animal Save,https://www.facebook.com/Belmont-Animal-Save-331960980976623/events/?ref=page_internal,New York,N
255,42.652579,-73.756232,"AV:Â Albany, NY, USA",https://www.facebook.com/groups/218937725308136/,New York,N
256,40.695977,-73.913396,"Bushwick Animal Save, linden street, brooklyn nyc",https://www.facebook.com/Bushwick-Animal-Save-linden-street-brooklyn-nyc-244407089603145/,New York,N
257,43.185653,-77.597122,SOS University of Rochester,https://sos.peta.org/join-a-hub/,New York,N
258,42.450315,-75.067863,SOS Oneonta,https://sos.peta.org/join-a-hub/,New York,N
259,43.048122,-76.147424,"AV: Syracuse, NY, USA",https://www.facebook.com/groups/876647392516395/,New York,N
260,40.812968,-73.941437,Harlem Animal Save,https://www.facebook.com/HarlemAnimalSave/events/?ref=page_internal,New York,N
261,43.148092,-77.610168,SOS Rochester,https://sos.peta.org/join-a-hub/,New York,N
262,40.650259,-74.01364,"Sunset Park Animal Save, 2nd Avenue, brooklyn nyc",https://www.facebook.com/Sunset-Park-Animal-Save-2nd-Avenue-brooklyn-nyc-1038553146305198/,New York,N
263,40.579532,-74.150201,"AV:Â Staten Island, NY, USA",https://www.facebook.com/groups/121800118415099/,New York,N
264,40.71648,-73.848669,Brooklyn-Queens Animal Save,https://www.facebook.com/brooklynqueensanimalsave/,New York,N
265,40.63063,-73.626766,SOS Oceanside,https://sos.peta.org/join-a-hub/,New York,N
266,41.747593,-74.08681,"AV: New Paltz, NY, USA",https://www.facebook.com/groups/709669969478570/,New York,N
267,40.685888,-73.92565,Voters for Animal Rights,vfar.org,New York,Y
268,40.724104,-73.988199,The Humane League,https://thehumaneleague.org/volunteer-with-us,New York,Y
269,40.699186,-74.007168,The Animals' Battalion,https://www.facebook.com/animalsbattalion/about/?ref=page_internal,New York,Y
270,40.715517,-73.986225,Total Liberation New York,https://www.facebook.com/TotalLiberationNewYork,New York,N
271,42.443961,-76.501881,"AV: Ithaca, NY, USA",https://www.facebook.com/groups/247272909191035/,New York,Y
272,40.708361,-73.990002,Veggie Mijas New York,https://www.veggiemijas.com/ https://www.instagram.com/veggiemijas https://www.facebook.com/veggiemijas https://www.tiktok.com/@veggiemijas,New York,N
273,40.676624,-73.945512,Brooklyn Chicken Save,https://www.facebook.com/brooklynchickensave/,New York,N
274,40.73308,-74.010601,Vegan Activist Alliance,https://www.veganactivistalliance.org/,New York,Y
275,42.436317,-76.495142,SOS Cornell University,https://sos.peta.org/join-a-hub/,New York,N
276,40.628434,-73.642908,Long Island Animal Save,https://www.facebook.com/longislandanimalsave/events/?ref=page_internal,New York,N
277,41.446329,-74.349976,SOS Middletown,https://sos.peta.org/join-a-hub/,New York,N
278,42.442715,-76.492138,Ithaca-Cortland Animal Save,https://www.facebook.com/IthacaCortlandAnimalSave/,New York,N
279,40.700076,-73.921722,Bushwick Animal Save: Doubao Live Poultry,https://www.facebook.com/Bushwick-Animal-Save-Doubao-Live-Poultry-978442025683379/,New York,N
280,40.789142,-73.134961,"AV: Long Island, NY, USA",https://www.facebook.com/groups/2121675548052295/,New York,Y
281,41.929009,-74.01472,NY Farm Animal Save,https://www.facebook.com/NYFarmAnimalSave/events/?ref=page_internal,New York,N
282,40.703481,-74.023991,Liberation NYC,https://www.facebook.com/LiberationNYC/events/?ref=page_internal,New York,N 
283,35.592728,-82.54961,Asheville Animal Save,https://www.facebook.com/AshevilleAnimalSave/,North Carolina,N
284,35.788855,-78.682022,SOS North Carolina State University,https://sos.peta.org/join-a-hub/,North Carolina,N
285,36.072635,-79.791975,"AV: Greensboro, NC, USA",https://www.facebook.com/groups/150544625624110,North Carolina,Y
286,35.596105,-82.546595,"AV: Asheville, NC, USA",https://www.facebook.com/groups/1700842146615312/,North Carolina,N
287,35.994033,-78.898619,"AV: Durham, NC, USA",https://www.facebook.com/groups/228610467763680/,North Carolina,N
288,35.77959,-78.638179,"AV: Raleigh, NC, USA",https://www.facebook.com/groups/139290813511771/,North Carolina,N
289,36.09986,-80.244216,"AV: Winston-Salem, NC, USA",https://www.facebook.com/groups/261242237855653/,North Carolina,Y
290,35.227087,-80.843127,"AV: Charlotte, NC, USA",https://www.facebook.com/groups/1422696661094435/,North Carolina,Y
291,34.20979,-77.873958,Wilmington Fish Save,https://www.facebook.com/Wilmington-Fish-Save-710343266023552/events/?ref=page_internal,North Carolina,N
292,35.894613,-78.787079,NC Animal Advocates United,https://connectforanimals.com/group/1706326843675x859593581545390100,North Carolina,Y
293,34.728594,-78.754472,North Carolina Farmed Animal Save,https://www.facebook.com/ncsave/events/?ref=page_internal,North Carolina,N
294,34.731635,-78.7946,SW Missouri Animal Save,https://www.facebook.com/swmoanimalsave/events/?ref=page_internal,North Carolina,N
295,40.793539,-81.523361,SOS Massillon,https://sos.peta.org/join-a-hub/,Ohio,N
296,40.869132,-82.318153,SOS Ashland High School,https://sos.peta.org/join-a-hub/,Ohio,N
297,39.749434,-84.175873,"WTF: Dayton, OH, USA",https://www.facebook.com/groups/wtfdaytonohio/,Ohio,Y
298,41.491092,-81.539841,SOS John Carroll University,https://sos.peta.org/join-a-hub/,Ohio,N
299,39.510034,-84.753985,SOS Miami University,https://sos.peta.org/join-a-hub/,Ohio,N
300,39.166803,-84.346848,SOS Indian Hill High School,https://sos.peta.org/join-a-hub/,Ohio,N
301,41.663938,-83.555212,"AV: Toledo, OH, USA",https://www.facebook.com/groups/1698492840202638/,Ohio,N
302,41.140916,-81.860504,SOS Medina High School,https://sos.peta.org/join-a-hub/,Ohio,N
303,41.48672,-81.711845,SOS Cleveland,https://sos.peta.org/join-a-hub/,Ohio,N
304,39.509901,-84.733686,SOS Oxford Ohio,https://sos.peta.org/join-a-hub/,Ohio,N
305,39.979591,-83.000167,"AV: Columbus, OH, USA",https://www.facebook.com/groups/1904522676533326,Ohio,N
306,41.490063,-81.668267,"AV: Cleveland, OH, USA",https://www.facebook.com/groups/118220528989328/,Ohio,Y
307,39.992279,-83.025398,Allied Scholars â€” Ohio State University,"https://www.alliedscholars.org/ohiostate
https://www.instagram.com/asap_osu/",Ohio,N
308,39.424525,-84.358521,Southwestern Ohio Animal Rights Network,https://swoarn.org,Ohio,Y
309,39.96264,-82.973319,Central Ohio Animal Save,https://www.facebook.com/centralohioanimalsave/events/?ref=page_internal,Ohio,N
310,39.191761,-84.235209,Stop Animal Exploitation NOW!,www.SAENonline.org,Ohio,Y
311,40.798947,-81.378447,"AV: Canton, OH, USA",https://www.facebook.com/groups/493601317821858/,Ohio,N
312,39.103118,-84.51202,"AV: Cincinnati, OH, USA",https://www.facebook.com/groups/1943456252583181/,Ohio,Y
313,39.759464,-84.197845,"AV: Dayton, Ohio",https://www.facebook.com/groups/1402710703190514/?ref=share,Ohio,Y
314,41.482427,-81.697963,Animal Liberation Cleveland,https://www.facebook.com/alccle/events/?ref=page_internal,Ohio,N
315,41.491943,-81.723369,Cleveland Animal Save,https://www.facebook.com/clevelandsave/,Ohio,N
316,35.140687,-97.395172,"WTF: Noble, OK, USA",https://www.facebook.com/groups/nobleusa/,Oklahoma,Y
317,36.095719,-95.96077,SOS Tulsa,https://sos.peta.org/join-a-hub/,Oklahoma,N
318,35.471855,-97.514648,The Vegan Knights Motorcycle Club,https://www.facebook.com/groups/veganknights,Oklahoma,Y
319,42.326515,-122.875595,"AV: Medford, OR, USA",https://www.facebook.com/groups/370777200195675,Oregon,N
320,45.507665,-122.650207,Earthlings of Portland,https://www.facebook.com/earthlingspdx/,Oregon,N
321,42.194576,-122.709477,"AV: Ashland, OR, USA",https://www.facebook.com/groups/178901796248878/,Oregon,Y
322,44.052069,-123.086754,"AV: Eugene, OR, USA",https://www.facebook.com/groups/AVEugeneOR,Oregon,N
323,44.042503,-123.094226,Eugene Animal Save,https://www.facebook.com/Eugene-Animal-Save-223081821879480/,Oregon,N
324,45.303323,-122.939983,Salem Area Animal Save,https://www.facebook.com/salemareaanimalsave/events/?ref=page_internal,Oregon,N
325,45.495152,-122.651237,Portland Animal Save,https://www.facebook.com/portlandanimalsave/,Oregon,N
326,45.492149,-122.680206,Animal Rights March PNW,https://www.facebook.com/animalrightsmarchportland/?ref=page_internal,Oregon,N
327,45.516452,-122.699432,Animal Rights Collective Portland,https://www.facebook.com/arcportland/events/?ref=page_internal,Oregon,Y
328,45.523062,-122.676482,"AV: Portland, OR, USA",https://www.facebook.com/groups/AVPortlandOR/,Oregon,Y
329,45.500331,-122.700806,Justice for Animals - Oregon,https://www.facebook.com/groups/jfaoregon/,Oregon,Y
330,39.949161,-75.191116,Allied Scholars â€” UPenn,https://www.alliedscholars.org/upenn,Pennsylvania,N
331,40.676602,-75.209999,SOS Lafayette College,https://sos.peta.org/join-a-hub/,Pennsylvania,N
332,40.410796,-75.247906,"AV: Bucks County, PA, USA",https://www.facebook.com/groups/762554310608243/,Pennsylvania,N
333,40.439829,-79.980329,Pittsburgh Animal Save,https://www.facebook.com/PittsburghAnimalSave/,Pennsylvania,N
334,39.858827,-77.054232,Maryland Farmed Animal Save,https://www.facebook.com/marylandfarmedanimalsave/events/?ref=page_internal,Pennsylvania,N
335,40.707212,-75.260406,Lehigh Valley Animal Save,https://www.facebook.com/lehighvalleyanimalsave/events/?ref=page_internal,Pennsylvania,N
336,39.865896,-77.047384,Central PA Farmed Animal Save,https://www.facebook.com/CenralPAFarmedAnimalSave/events/?ref=page_internal,Pennsylvania,N
337,40.265043,-75.308319,Hatfield Animal Save,https://www.facebook.com/hatfieldanimalsave/events/?ref=page_internal,Pennsylvania,N
338,40.210605,-77.006607,SOS Mechanicsburg,https://sos.peta.org/join-a-hub/,Pennsylvania,N
339,40.793395,-77.860001,"AV: State College, PA, USA",https://www.facebook.com/groups/367105277229778/,Pennsylvania,N
340,39.969227,-75.149574,Veggie Mijas Philadelphia,https://www.veggiemijas.com/ https://www.instagram.com/veggiemijas https://www.facebook.com/veggiemijas https://www.tiktok.com/@veggiemijas,Pennsylvania,N
341,40.440417,-79.993194,Earthlings Experience - Pittsburgh,https://www.facebook.com/EarthlingsExperiencePittsburgh/,Pennsylvania,N
342,39.970279,-75.18013,"AV: Philadelphia, PA, USA",https://www.facebook.com/groups/2040975016132438/,Pennsylvania,Y
343,40.446686,-79.986391,Justice for Animals,https://www.facebook.com/justiceforanimalsPA/events/?ref=page_internal,Pennsylvania,Y
344,40.037876,-76.305514,"AV: Lancaster, PA, USA",https://www.facebook.com/groups/123640941718523/,Pennsylvania,N
345,40.440625,-79.995886,"AV: Pittsburgh, PA, USA",https://www.facebook.com/groups/117470885738481,Pennsylvania,Y
346,39.934486,-75.16468,Peace Advocacy Network,https://www.facebook.com/peaceadvocacynetwork https://www.instagram.com/peaceadvocacy/ https://twitter.com/peaceadvocacy,Pennsylvania,Y
347,40.273191,-76.886701,"AV: Harrisburg, PA, USA",https://web.facebook.com/groups/571703913195966/,Pennsylvania,Y
348,39.945016,-75.137901,Revolution Philadelphia,https://www.instagram.com/revolution_philadelphia/?hl=en,Pennsylvania,Y
349,18.356224,-66.109864,"AV: Guaynabo, Puerto Rico",https://www.facebook.com/groups/317531189077387/?_rdc=1&_rdr,Puerto Rico,N
350,18.371143,-66.036415,SOS University of Puerto Rico - RÃ­o Piedras Campus,https://sos.peta.org/join-a-hub/,Puerto Rico,N
351,41.80894,-71.414223,Providence Animal Save,https://www.facebook.com/providenceanimalsave/events/?ref=page_internal,Rhode Island,N
352,41.814186,-71.388474,Empathy for All Animals,https://www.efaanimals.org/,Rhode Island,N
353,41.831456,-71.395683,Allied Scholars â€” Brown,https://www.alliedscholars.org/brown,Rhode Island,N
354,41.825828,-71.422119,"AV: Providence, RI, USA",https://www.facebook.com/groups/788900527933822/,Rhode Island,Y
355,34.949567,-81.932048,"AV: Spartanburg, SC, USA",https://www.facebook.com/groups/237712427065109/,South Carolina,Y
356,34.863109,-82.390348,Greenville SC Animal Save,https://www.facebook.com/gscas1/events/?ref=page_internal,South Carolina,N
357,33.994482,-81.030179,Columbia SC Animal Save,https://www.facebook.com/columbiascanimalsave/,South Carolina,N
358,34.00071,-81.034814,"AV: Columbia, SC, USA",https://www.facebook.com/groups/1368917886542208/,South Carolina,N
359,34.855858,-82.403966,"AV: Greenville, SC, USA",https://www.facebook.com/groups/152072125435918/,South Carolina,N
360,33.495598,-81.968994,"AV: Augusta, GA, USA",https://www.facebook.com/groups/2142326102667128/,South Carolina,N
361,43.513002,-96.771599,Huron Turkey Save,https://www.facebook.com/Huron-Turkey-Save-229646020528355/events/?ref=page_internal,South Dakota,N
362,43.547303,-96.728333,"AV: Sioux Falls, SD, USA",https://www.facebook.com/groups/542473742834918/,South Dakota,Y
363,35.964663,-83.899333,Knoxville Animal Save,https://www.facebook.com/knoxSAVE/events/?ref=page_internal,Tennessee,N
364,36.145937,-86.793142,Nashville Animal Save,https://www.facebook.com/nashvilleanimalsave/,Tennessee,N
365,36.529771,-87.359453,"AV: Clarksville, TN, USA",https://www.facebook.com/groups/337064663683686/,Tennessee,N
366,35.04563,-85.30968,"AV: Chattanooga, TN, USA",https://www.facebook.com/groups/448681042215700,Tennessee,Y
367,35.933819,-83.9328,SOS University of Tennessee-Knoxville,https://sos.peta.org/join-a-hub/,Tennessee,N
368,36.162664,-86.781602,"AV: Nashville, TN, USA",https://www.facebook.com/groups/119886602056402/,Tennessee,Y
369,29.739168,-95.385155,Animal Rising Houston,https://www.facebook.com/groups/3229399773768195/,Texas,Y
370,29.367814,-98.551483,SOS San Antonio,https://sos.peta.org/join-a-hub/,Texas,N
371,32.751064,-97.244689,DFW Animal Save,https://www.facebook.com/dfwanimalsave/events/?ref=page_internal,Texas,N
372,27.767994,-97.423832,Corpus Christi Animal Save,https://www.facebook.com/CorpusChristiAnimalSave/,Texas,N
373,29.44329,-98.60001,Voice for Animals,http://www.voiceforanimals.org/,Texas,Y
374,32.769955,-97.007217,Animal Connection of Texas,https://www.facebook.com/groups/ntxva/,Texas,Y
375,29.767411,-95.398092,Texas Go Vegan Week,https://www.facebook.com/TexasGoVeganWeek/events/?ref=page_internal,Texas,Y
376,33.211709,-97.147293,Allied Scholars â€” UNT,https://www.alliedscholars.org/university-of-north-texas,Texas,N
377,30.284641,-97.735147,Allied Scholars â€” UT Austin,https://www.alliedscholars.org/utaustin,Texas,N
378,32.78179,-96.832123,"WTF: Dallas, USA",https://www.facebook.com/groups/1516630348701998,Texas,Y
379,32.945878,-96.731873,SOS The University of Texas at Dallas,https://sos.peta.org/join-a-hub/,Texas,N
380,32.787563,-96.768265,SOS Southern Methodist University,https://sos.peta.org/join-a-hub/,Texas,N
381,30.244291,-97.754431,Austin Animal Save,https://www.facebook.com/AustinAnimalSave/,Texas,N
382,30.618709,-96.350784,Allied Scholars â€” Texas A&M,https://www.alliedscholars.org/tamu,Texas,N
383,30.719223,-95.549383,Allied Scholars - Sam Houston University,"https://www.alliedscholars.org/sam-houston-state
instagram.com/asap_shsu",Texas,N
384,30.245605,-97.718628,Action for Animals Austin,https://www.facebook.com/ActionForAnimalsAustin/events/?ref=page_internal,Texas,N
385,31.779256,-106.45443,SOS El Paso Community College,https://sos.peta.org/join-a-hub/,Texas,N
386,29.780393,-95.370833,"AV: Houston, TX, USA",https://www.facebook.com/groups/633531436851603/,Texas,N
387,33.148762,-96.824226,SOS Frisco,https://sos.peta.org/join-a-hub/,Texas,N
388,31.761878,-106.485022,"AV: El Paso, TX, USA",https://www.facebook.com/groups/161298817790407/,Texas,N
389,30.282867,-97.761944,"AV: Austin, TX, USA",https://www.facebook.com/groups/1764608733791982/,Texas,Y
390,31.549333,-97.14667,"AV: Waco, TX, USA",https://www.facebook.com/groups/238282576792638/,Texas,Y
391,29.525073,-95.547409,SOS Missouri City,https://sos.peta.org/join-a-hub/,Texas,N
392,31.553474,-97.129728,Waco Animal Save,https://www.facebook.com/wacoasm/,Texas,N
393,33.197328,-96.618576,SOS Collin College,https://sos.peta.org/join-a-hub/,Texas,N
394,32.73935,-96.796074,"AV:Â Dallas, TX, USA",https://www.facebook.com/groups/308860669525914/,Texas,Y
395,33.010967,-96.813583,SOS Plano,https://sos.peta.org/join-a-hub/,Texas,N
396,29.883275,-97.941394,"AV: San Marcos, TX, USA",https://www.facebook.com/groups/1594801277279372/,Texas,Y
397,33.24242,-96.976318,SOS Providence Village,https://sos.peta.org/join-a-hub/,Texas,N
398,29.742747,-95.350443,Houston Animal Save,https://www.facebook.com/houstonanimalsave/,Texas,N
399,29.916852,-95.484238,SOS Houston,https://sos.peta.org/join-a-hub/,Texas,N
400,32.755488,-97.330766,"AV: Forth Worth, TX, USA",https://www.facebook.com/groups/395218984422844/,Texas,N
401,37.094958,-113.557335,Earthlings Experience Utah,https://www.facebook.com/Earthlings-Experience-Utah-1785791715029015/events/?ref=page_internal,Utah,N
402,40.736072,-111.907768,Utah Animal Rights Coalition (UARC),"UARC.io
https://www.facebook.com/utahanimalrights/events/?ref=page_internal",Utah,N
403,40.296898,-111.694648,"AV: Orem, UT, USA",https://web.facebook.com/groups/314665106088162/,Utah,N
404,37.086469,-113.583771,Animal Justice League of St. George,https://www.facebook.com/AJLSG/,Utah,Y
405,40.222403,-111.674652,SOS Provo High School,https://sos.peta.org/join-a-hub/,Utah,N
406,44.475882,-73.212072,"AV: Burlington, VT, USA",https://www.facebook.com/groups/1803908092975930/,Vermont,N
407,43.610624,-72.972606,"AV: Rutland, VT, USA",https://www.facebook.com/groups/692333791206416/,Vermont,N
408,36.850769,-76.285873,"AV: Norfolk, VA, USA",https://www.facebook.com/groups/511327496407825/,Virginia,N
409,37.540725,-77.436048,"AV: Richmond, VA, USA",https://www.facebook.com/groups/2008462419366735/,Virginia,N
410,36.863907,-76.203206,"AV: Hampton Roads, VA, USA",https://www.facebook.com/groups/128056134586948/,Virginia,N
411,37.40071,-78.447876,Veggie Mijas Virginia,https://www.veggiemijas.com/ https://www.instagram.com/veggiemijas https://www.facebook.com/veggiemijas https://www.tiktok.com/@veggiemijas,Virginia,N
412,37.523886,-77.433357,SOS Richmond,https://sos.peta.org/join-a-hub/,Virginia,N
413,38.029306,-78.476678,"AV: Charlottesville, VA, USA",https://www.facebook.com/groups/1543574825690444/,Virginia,N
414,36.809834,-76.251984,SOS Norfolk,https://sos.peta.org/join-a-hub/,Virginia,N
415,38.719756,-77.766794,Virginia Animal Save,https://www.facebook.com/VirginiaAnimalSave/events/?ref=page_internal,Virginia,N
416,36.98345,-76.633537,Smithfield Pig Save,https://www.facebook.com/SmithfieldPigSave/events/?ref=page_internal,Virginia,N
417,39.04052,-77.490692,SOS Rock Ridge High School,https://sos.peta.org/join-a-hub/,Virginia,N
418,47.653074,-122.307143,Viable Veganism at UW,https://www.instagram.com/viableveganismuw/?igsh=dW02N2N2Njl1cmlj&utm_source=qr,Washington,Y
419,48.748826,-122.460123,Bellingham Animal Save,https://www.facebook.com/Bellingham-Animal-Save-1887967794649516/events/?ref=page_internal,Washington,N
420,45.627226,-122.67273,"AV: Vancouver, WA, USA",https://web.facebook.com/groups/2164622830453677/,Washington,N
421,47.618546,-122.354221,Animal Rising Seattle,https://www.facebook.com/groups/animalrebellionseattle/,Washington,Y
422,46.731467,-117.174489,"Pullman, WA Animal Save",https://www.facebook.com/PullmanWAAnimalSave/,Washington,N
423,47.599045,-122.334995,Campus Animal Rights Educators - CARE,https://www.facebook.com/UWCARE/events/?ref=page_internal,Washington,N
424,47.65469,-117.435324,Courage For Animals,https://www.facebook.com/SpokaneAnimalLiberation/events/?ref=page_internal,Washington,N
425,47.616752,-122.314053,Seattle Farmed Animal Save,https://www.facebook.com/seattlefarmedanimalsave/,Washington,N
426,47.607089,-122.352676,Veggie Mijas Seattle,https://www.veggiemijas.com/ https://www.instagram.com/veggiemijas https://www.facebook.com/veggiemijas https://www.tiktok.com/@veggiemijas,Washington,N
427,46.143368,-122.910043,Kelso Chicken Save,https://www.facebook.com/KelsoChickenSave/events/?ref=page_internal,Washington,N
428,47.623984,-122.334566,Northwest Animal Rights Network (NARN),https://narn.org/,Washington,Y
429,47.657072,-117.418228,"The Earthlings Experience - Spokane, WA",https://www.facebook.com/EarthlingsExperienceSpokane/,Washington,N
430,47.643417,-122.306156,SOS University of Washington,https://sos.peta.org/join-a-hub/,Washington,N
431,47.606626,-122.315598,Justice for Animals - Washington,https://www.facebook.com/groups/529191767823825/,Washington,Y
432,38.34982,-81.632623,"AV: Charleston, WV, USA",https://www.facebook.com/groups/329605144384338/,West Virginia,N
433,43.077039,-89.412146,Allied Scholars â€” UW Madison,https://www.alliedscholars.org/uwmadison,Wisconsin,N
434,43.048282,-87.901268,Milwaukee Animal Rights Network,https://www.facebook.com/groups/2454313511310795/,Wisconsin,Y
435,43.063621,-89.44931,SOS Madison,https://sos.peta.org/join-a-hub/,Wisconsin,N
436,43.060234,-88.10812,SOS Brookfield,https://sos.peta.org/join-a-hub/,Wisconsin,N
437,44.261931,-88.415385,"AV: Appleton, WI, USA",https://www.facebook.com/groups/131973347482188/,Wisconsin,N
438,43.02088,-87.906662,Milwaukee Animal Save,https://www.facebook.com/milwaukeeanimalsave/,Wisconsin,N
439,43.390454,-89.402447,SOS Poynette High School,https://sos.peta.org/join-a-hub/,Wisconsin,N
440,43.044046,-87.91437,"AV:Â Milwaukee, WI, USA",https://www.facebook.com/groups/1228596173953551/,Wisconsin,N
